<?xml version="1.0" encoding="UTF-8"?>


<beans xmlns="http://www.springframework.org/schema/beans"
       xmlns:xsi="http://www.w3.org/2001/XMLSchema-instance"
       xsi:schemaLocation="http://www.springframework.org/schema/beans
           http://www.springframework.org/schema/beans/spring-beans-2.5.xsd">

    <bean id="htmlFormEntryService" class="org.springframework.transaction.interceptor.TransactionProxyFactoryBean">
        <property name="transactionManager" ref="transactionManager"/>
        <property name="target" ref="htmlFormEntryServiceImpl"/>
        <property name="preInterceptors" ref="serviceInterceptors"/>
        <property name="transactionAttributeSource">
            <bean class="org.springframework.transaction.annotation.AnnotationTransactionAttributeSource"/>
        </property>
    </bean>

    <bean id="htmlFormEntryServiceImpl" class="org.openmrs.module.htmlformentry.impl.HtmlFormEntryServiceImpl">
        <property name="dao">
            <bean class="org.openmrs.module.htmlformentry.db.hibernate.HibernateHtmlFormEntryDAO">
                <property name="sessionFactory" ref="dbSessionFactory"/>
            </bean>
        </property>
        <property name="handlers">
            <map>
                <entry key="obs">
                    <bean class="org.openmrs.module.htmlformentry.handler.ObsTagHandler"/>
                </entry>
                <entry key="controls">
                    <bean class="org.openmrs.module.htmlformentry.handler.ControlsTagHandler"/>
                </entry>
                <entry key="condition">
                    <bean class="org.openmrs.module.htmlformentry.handler.ConditionTagHandler"/>
                </entry>
                <entry key="when">
                    <bean class="org.openmrs.module.htmlformentry.handler.WhenTagHandler"></bean>
                </entry>
                <entry key="encounterProviderAndRole">
                    <bean class="org.openmrs.module.htmlformentry.handler.EncounterProviderAndRoleTagHandler"/>
                </entry>
                <entry key="obsgroup">
                    <bean class="org.openmrs.module.htmlformentry.handler.ObsGroupTagHandler"/>
                </entry>
                <entry key="encounterDate">
                    <bean class="org.openmrs.module.htmlformentry.handler.EncounterDateHandler"/>
                </entry>
                <entry key="encounterProvider">
                    <bean class="org.openmrs.module.htmlformentry.handler.EncounterProviderHandler"/>
                </entry>
                <entry key="encounterLocation">
                    <bean class="org.openmrs.module.htmlformentry.handler.EncounterLocationHandler"/>
                </entry>
                <entry key="encounterVoided">
                    <bean class="org.openmrs.module.htmlformentry.handler.EncounterVoidHandler"/>
                </entry>
                <entry key="enrollInProgram">
                    <bean class="org.openmrs.module.htmlformentry.handler.EnrollInProgramHandler"/>
                </entry>
                <entry key="completeProgram">
                    <bean class="org.openmrs.module.htmlformentry.handler.CompleteProgramHandler"/>
                </entry>
                <entry key="section">
                    <bean class="org.openmrs.module.htmlformentry.handler.SectionTagHandler"/>
                </entry>
                <entry key="lookup">
                    <bean class="org.openmrs.module.htmlformentry.handler.VelocityHandler"/>
                </entry>
                <entry key="submit">
                    <bean class="org.openmrs.module.htmlformentry.handler.SubmitButtonHandler"/>
                </entry>
                <entry key="patient">
                    <bean class="org.openmrs.module.htmlformentry.handler.PatientTagHandler"/>
                </entry>
                <entry key="order">
                    <bean class="org.openmrs.module.htmlformentry.handler.OrderTagHandler"/>
                </entry>
                <entry key="drugOrder">
                    <bean class="org.openmrs.module.htmlformentry.handler.DrugOrderTagHandler"/>
                </entry>
                <entry key="relationship">
                    <bean class="org.openmrs.module.htmlformentry.handler.RelationshipTagHandler"/>
                </entry>
                <entry key="workflowState">
                    <bean class="org.openmrs.module.htmlformentry.handler.WorkflowStateTagHandler"/>
                </entry>
                <entry key="encounterType">
                    <bean class="org.openmrs.module.htmlformentry.handler.EncounterTypeTagHandler"/>
                </entry>
                <entry key="exitFromCare">
                    <bean class="org.openmrs.module.htmlformentry.handler.ExitFromCareTagHandler"/>
                </entry>
                <entry key="ifMode">
                    <bean class="org.openmrs.module.htmlformentry.handler.IfModeTagHandler"/>
                </entry>
                <entry key="includeIf">
                    <bean class="org.openmrs.module.htmlformentry.handler.IncludeIfTagHandler"/>
                </entry>
                <entry key="excludeIf">
                    <bean class="org.openmrs.module.htmlformentry.handler.ExcludeIfTagHandler"/>
                </entry>
                <entry key="redirectOnSave">
                    <bean class="org.openmrs.module.htmlformentry.handler.RedirectOnSaveTagHandler"/>
                </entry>
                <entry key="postSubmissionAction">
                    <bean class="org.openmrs.module.htmlformentry.handler.PostSubmissionActionTagHandler"/>
                </entry>
                <entry key="markPatientDead">
                    <bean class="org.openmrs.module.htmlformentry.handler.MarkPatientDeadTagHandler"/>
                </entry>
                <entry key="immunization">
                    <bean class="org.openmrs.module.htmlformentry.handler.ImmunizationTagHandler"/>
                </entry>
                <entry key="obsreference">
                    <bean class="org.openmrs.module.htmlformentry.handler.ObsReferenceTagHandler"/>
                </entry>
            </map>
        </property>
        <property name="basicFormXmlTemplate">
            <value>
                <![CDATA[
<htmlform>
	<!-- Autogenerated example form  (template from 01-Nov-2010 -->
#set( $DOLLAR = '$' )
#set( $POUND = '#' )
	<macros>
		paperFormId = (Fill this in)
		headerColor =#009d8e
		fontOnHeaderColor = white
	</macros>

	<style>
		.section {
			border: 1px solid ${DOLLAR}headerColor;
			padding: 2px;
			text-align: left;
			margin-bottom: 1em;
		}
		.sectionHeader {
			background-color: ${DOLLAR}headerColor;
			color: ${DOLLAR}fontOnHeaderColor;
			display: block;
			padding: 2px;
			font-weight: bold;
		}
		table.baseline-aligned td {
			vertical-align: baseline;
		}
	</style>

	<span style="float:right">Paper Form ID: ${DOLLAR}paperFormId</span>
	<h2>$htmlForm.name (v$htmlForm.form.version)</h2>

	<section headerLabel="1. Encounter Details">
		<table class="baseline-aligned">
			<tr>
				<td>Date:</td>
				<td><encounterDate default="today"/></td>
			</tr>
			<tr>
				<td>Location:</td>
				<td><encounterLocation/></td>
			</tr>
			<tr>
				<td>Provider:</td>
				<td><encounterProvider/></td>
			</tr>
		</table>
	</section>

	<section headerLabel="2. Demographic Information">
		<table class="baseline-aligned">
			<tr>
				<td>Name:</td>
				<td><lookup class="value" expression="patient.personName"/></td>
			</tr>
#foreach ($idType in $identifierTypes)
			<tr>
				<td>$idType.name:</td>
				<td><lookup class="value" complexExpression="${POUND}foreach( ${DOLLAR}patId in ${DOLLAR}patientIdentifiers.get('$idType.name') ) ${DOLLAR}patId ${POUND}end "/></td>
			</tr>
#end
			<tr>
				<td>Gender:</td>
				<td><lookup class="value" expression="patient.gender"/></td>
			</tr>
			<tr>
				<td>Birthdate:</td>
				<td>
					<lookup class="value" complexExpression="\#if( \$patient.birthdateEstimated ) ~\#end"/> <lookup class="value" expression="patient.birthdate"/>
					(Age: <lookup class="value" expression="patient.age"/>)
				</td>
			</tr>
#foreach ($attrType in $personAttributeTypes)
#set( $attrTypeName = $attrType.name.replaceAll("'", "") )
#set( $val = "personAttributes.get('$attrTypeName')" )
#if ( $attrType.format == "org.openmrs.Concept" )
	#set( $val = "${val}.name.name" )
#end
			<tr>
				<td>$attrType.name:</td>
				<td><lookup class="value" expression="$val"/></td>
			</tr>
#end
		</table>
	</section>

	<submit/>

<!-- END OF FORM

Simple examples to copy-and-paste. Full reference at http://wiki.openmrs.org/x/kg8z

SECTION
	<section headerLabel="\#. Title">
		Content
	</section>

NUMERIC OBSERVATION
	<obs conceptId="id-of-numeric-concept" labelText="Label before"/>

DATE OBSERVATION
	<obs conceptId="id-of-date-concept" labelText="Label before"/>

CODED OBSERVATION
(as a dropdown)
	<obs conceptId="id-of-coded-concept" labelText="Label before"/>
(as radio buttons)
	<obs conceptId="id-of-coded-concept" labelText="Label before" style="radio"/>
(as an autocomplete)
	<obs conceptId="id-of-coded-concept" labelText="Label before" style="autocomplete" answerClasses="Diagnosis"/>
(as a checkbox for a specific answer)
	<obs conceptId="id-of-coded-concept" labelText="Label before" answerConceptId="id-of-answer-concept" answerLabel="label for answer"/>
(as a dropdown with specific choices)
	<obs conceptId="id-of-coded-concept" labelText="Label before" answerConceptIds="concept-id-1,concept-id-2,concept-id-3" answerLabels="Label 1,Label 2, Label 3"/>


FREE TEXT OBSERVATION
(as a normal text field)
	<obs conceptId="id-of-text-concept" labelText="Label before"/>
(as a textarea)
	<obs conceptId="id-of-text-concept" labelText="Label before" rows="4" cols="80"/>
-->
</htmlform>
									]]>
            </value>
        </property>
    </bean>

	<!-- Service -->
	<bean parent="serviceContext">
		<property name="moduleService">
			<list>
				<value>org.openmrs.module.htmlformentry.HtmlFormEntryService</value>
				<ref bean="htmlFormEntryService"/>
			</list>
		</property>
	</bean>
	   
    <bean id="htmlFormValidator" class="org.openmrs.module.htmlformentry.HtmlFormValidator"/>
    
    <!-- /Controllers -->
    
</beans>
