<?xml version="1.0"?>
<!DOCTYPE hibernate-mapping PUBLIC
        "-//Hibernate/Hibernate Mapping DTD 3.0//EN"
        "http://www.hibernate.org/dtd/hibernate-mapping-3.0.dtd">
<hibernate-mapping>
    <class name="org.openmrs.module.bedmanagement.entity.Bed" table="bed">
        
        <id name="id" type="int" column="bed_id" unsaved-value="0">
            <generator class="native"/>
        </id>

        <property name="uuid" type="java.lang.String"
                  column="uuid" length="38" unique="true"/>

        <many-to-one name="creator" class="org.openmrs.User" lazy="no-proxy" />

        <property name="dateCreated" type="java.util.Date"
                  column="date_created" not-null="true" length="19" />

        <many-to-one name="changedBy" class="org.openmrs.User" column="changed_by" />

        <property name="dateChanged" type="java.util.Date"
                  column="date_changed" length="19" />

        <property name="voided" type="boolean" not-null="true" />

        <many-to-one name="voidedBy" class="org.openmrs.User" column="voided_by" />

        <property name="dateVoided" type="java.util.Date"
                  column="date_voided" length="19" />

        <property name="voidReason" type="java.lang.String"
                  column="void_reason" length="255" />

        <property name="bedNumber" type="java.lang.String" column="bed_number" length="10"/>
        <property name="status" type="java.lang.String" column="status" length="20"/>

        <many-to-one name="bedType" class="org.openmrs.module.bedmanagement.entity.BedType" column="bed_type_id" lazy="false"/>

        <set name="bedTagMap" cascade="save-update" inverse="true">
            <key column="bed_id"/>
            <one-to-many class="org.openmrs.module.bedmanagement.entity.BedTagMap"/>
        </set>
        
    </class>
</hibernate-mapping>

