<?xml version="1.0"?>
<!DOCTYPE hibernate-mapping PUBLIC
        "-//Hibernate/Hibernate Mapping DTD 3.0//EN"
        "http://www.hibernate.org/dtd/hibernate-mapping-3.0.dtd">
<hibernate-mapping>

    <class name="org.openmrs.module.bedmanagement.entity.BedLocationMapping" table="bed_location_map">

        <id name="id" type="int" column="bed_location_map_id" unsaved-value="0">
            <generator class="native"/>
        </id>

        <many-to-one name="location" class="org.openmrs.Location" not-null="true" column="location_id"/>
        <many-to-one name="bed" class="org.openmrs.module.bedmanagement.entity.Bed" not-null="false" column="bed_id"/>

        <property name="row" type="java.lang.Integer" column="bed_row_number" not-null="true" length="5"/>
        <property name="column" type="java.lang.Integer" column="bed_column_number" not-null="true" length="5"/>

    </class>

</hibernate-mapping>

