<?xml version="1.0"?>
<!DOCTYPE hibernate-mapping PUBLIC
        "-//Hibernate/Hibernate Mapping DTD 3.0//EN"
        "http://www.hibernate.org/dtd/hibernate-mapping-3.0.dtd">
<hibernate-mapping>

    <class name="org.openmrs.module.bedmanagement.entity.BedPatientAssignment" table="bed_patient_assignment_map">

        <id name="id" type="int" column="bed_patient_assignment_map_id" unsaved-value="0">
            <generator class="native"/>
        </id>

        <property name="uuid" type="java.lang.String"
                  column="uuid" length="38" unique="true"/>

        <many-to-one name="creator" class="org.openmrs.User" lazy="no-proxy" />

        <property name="dateCreated" type="java.util.Date"
                  column="date_created" not-null="true" length="19" />

        <many-to-one name="changedBy" class="org.openmrs.User" column="changed_by" />

        <property name="dateChanged" type="java.util.Date"
                  column="date_changed" length="19" />

        <property name="voided" type="boolean" not-null="true" />

        <many-to-one name="voidedBy" class="org.openmrs.User" column="voided_by" />

        <property name="dateVoided" type="java.util.Date"
                  column="date_voided" length="19" />

        <property name="voidReason" type="java.lang.String"
                  column="void_reason" length="255" />

        <many-to-one name="patient" class="org.openmrs.Patient" not-null="true" column="patient_id"/>
        <many-to-one name="bed" class="org.openmrs.module.bedmanagement.entity.Bed" not-null="true" column="bed_id"/>
        <many-to-one name="encounter" class="org.openmrs.Encounter" not-null="true" column="encounter_id"/>

        <property name="startDatetime" type="java.util.Date" column="date_started" not-null="true" length="19"/>
        <property name="endDatetime" type="java.util.Date" column="date_stopped" length="19"/>

    </class>

</hibernate-mapping>

