<?xml version="1.0"?>
<!DOCTYPE hibernate-mapping PUBLIC
        "-//Hibernate/Hibernate Mapping DTD 3.0//EN"
        "http://www.hibernate.org/dtd/hibernate-mapping-3.0.dtd">
<hibernate-mapping>
    <class name="org.openmrs.module.bedmanagement.entity.BedTagMap" table="bed_tag_map">
        
        <id name="id" type="int" column="bed_tag_map_id" unsaved-value="0">
            <generator class="native"/>
        </id>

        <many-to-one name="bed" class="org.openmrs.module.bedmanagement.entity.Bed" not-null="true" column="bed_id"/>
        <many-to-one name="bedTag" class="org.openmrs.module.bedmanagement.entity.BedTag" not-null="true" column="bed_tag_id"/>

        <property name="uuid" type="java.lang.String"
                  column="uuid" length="38" unique="true"/>

        <many-to-one name="creator" class="org.openmrs.User" lazy="no-proxy" />

        <property name="dateCreated" type="java.util.Date"
                  column="date_created" not-null="true" length="19" />

        <many-to-one name="changedBy" class="org.openmrs.User" column="changed_by" />

        <property name="dateChanged" type="java.util.Date"
                  column="date_changed" length="19" />

        <property name="voided" type="boolean" not-null="true" />

        <many-to-one name="voidedBy" class="org.openmrs.User" column="voided_by" />

        <property name="dateVoided" type="java.util.Date"
                  column="date_voided" length="19" />

        <property name="voidReason" type="java.lang.String"
                  column="void_reason" length="255" />
        
    </class>
</hibernate-mapping>

