<?xml version="1.0" encoding="UTF-8"?>
<beans xmlns="http://www.springframework.org/schema/beans"
       xmlns:xsi="http://www.w3.org/2001/XMLSchema-instance"
       xsi:schemaLocation="http://www.springframework.org/schema/beans
  		    http://www.springframework.org/schema/beans/spring-beans-3.0.xsd">

    <!-- Add here beans related to the API context -->





    <bean id="bedManagementDao" class="org.openmrs.module.bedmanagement.dao.impl.BedManagementDaoImpl">
        <property name="sessionFactory">
            <ref bean="sessionFactory"/>
        </property>
    </bean>

    <bean id="bedTagMapDao" class="org.openmrs.module.bedmanagement.dao.impl.BedTagMapDaoImpl">
        <property name="sessionFactory">
            <ref bean="sessionFactory"/>
        </property>
    </bean>

    <bean id="bedManagementServiceImpl" class="org.openmrs.module.bedmanagement.service.impl.BedManagementServiceImpl">
        <property name="dao">
            <ref bean="bedManagementDao"/>
        </property>
        <property name="locationService">
            <ref bean="locationService"/>
        </property>
    </bean>

    <bean id="bedTagMapServiceImpl" class="org.openmrs.module.bedmanagement.service.impl.BedTagMapServiceImpl">
        <property name="dao">
            <ref bean="bedTagMapDao"/>
        </property>
    </bean>

    <bean id="bedManagementService" class="org.springframework.transaction.interceptor.TransactionProxyFactoryBean">
        <property name="transactionManager">
            <ref bean="transactionManager"/>
        </property>
        <property name="target">
            <ref bean="bedManagementServiceImpl"/>
        </property>
        <property name="preInterceptors">
            <ref bean="serviceInterceptors"/>
        </property>
        <property name="transactionAttributeSource">
            <ref bean="transactionAttributeSource"/>
        </property>
    </bean>

    <bean id="bedTagMapService" class="org.springframework.transaction.interceptor.TransactionProxyFactoryBean">
        <property name="transactionManager">
            <ref bean="transactionManager"/>
        </property>
        <property name="target">
            <ref bean="bedTagMapServiceImpl"/>
        </property>
        <property name="preInterceptors">
            <ref bean="serviceInterceptors"/>
        </property>
        <property name="transactionAttributeSource">
            <ref bean="transactionAttributeSource"/>
        </property>
    </bean>
    <!-- Services accessible via Context.getService() -->
    <bean parent="serviceContext">
        <property name="moduleService">
            <list merge="true">
                <value>org.openmrs.module.bedmanagement.service.BedManagementService</value>
                <ref bean="bedManagementService"/>
            </list>
        </property>
    </bean>

    <bean parent="serviceContext">
        <property name="moduleService">
            <list merge="true">
                <value>org.openmrs.module.bedmanagement.service.BedTagMapService</value>
                <ref bean="bedTagMapService"/>
            </list>
        </property>
    </bean>
</beans>
