<?xml version="1.0" encoding="UTF-8"?>

<databaseChangeLog xmlns="http://www.liquibase.org/xml/ns/dbchangelog/1.9"
	xmlns:xsi="http://www.w3.org/2001/XMLSchema-instance"
	xsi:schemaLocation="http://www.liquibase.org/xml/ns/dbchangelog/1.9
                  http://www.liquibase.org/xml/ns/dbchangelog/dbchangelog-1.9.xsd">

	<!-- See http://wiki.openmrs.org/display/docs/Module+liquibase+File for documentation on this file. See http://www.liquibase.org/manual/home#available_database_refactorings 
		for a list of supported elements and attributes -->

	<changeSet id="commonlabtest-2018-05-08-1" author="owais.hussain">
		<preConditions onFail="MARK_RAN">
			<not>
				<tableExists tableName="commonlabtest_type" />
			</not>
		</preConditions>
		<comment>
			Creating the commonlabtest_test_type table
		</comment>
		<createTable tableName="commonlabtest_type">
			<column name="test_type_id" type="int" autoIncrement="true">
				<constraints primaryKey="true" nullable="false" />
			</column>
			<column name="name" defaultValue="" type="varchar(255)">
				<constraints nullable="false" />
			</column>
			<column name="short_name" type="varchar(20)" />
			<column name="test_group" type="varchar(20)">
				<!-- Name of the group that this test type belongs to. For example, Radiology, Bacteriology. This is an Enumeration in Object 
					model -->
				<constraints nullable="false" />
			</column>
			<column defaultValueBoolean="true" name="requires_specimen" type="boolean">
				<constraints nullable="false" />
			</column>
			<column name="reference_concept_id" type="int">
				<!-- Concept ID with which this test type maps to. Ideally, the class of this concept should be "Test" -->
				<constraints nullable="false" />
			</column>
			<column name="description" type="text">
				<constraints nullable="false" />
			</column>
			<column defaultValueNumeric="0" name="creator" type="int">
				<constraints nullable="false" />
			</column>
			<column name="date_created" type="datetime">
				<constraints nullable="false" />
			</column>
			<column name="changed_by" type="int" />
			<column name="date_changed" type="datetime" />
			<column defaultValueBoolean="false" name="retired" type="boolean">
				<constraints nullable="false" />
			</column>
			<column name="retired_by" type="int" />
			<column name="date_retired" type="datetime" />
			<column name="retire_reason" type="varchar(255)" />
			<column name="uuid" type="char(38)">
				<constraints nullable="false" unique="true"></constraints>
			</column>
		</createTable>
		<addForeignKeyConstraint constraintName="commonlabtest_type_creator_fk"
			baseTableName="commonlabtest_type" baseColumnNames="creator" referencedTableName="users" referencedColumnNames="user_id" />
		<addForeignKeyConstraint constraintName="commonlabtest_type_reference_concept_fk"
			baseTableName="commonlabtest_type" baseColumnNames="reference_concept_id" referencedTableName="concept"
			referencedColumnNames="concept_id" />
		<addForeignKeyConstraint constraintName="commonlabtest_type_changed_by_fk"
			baseTableName="commonlabtest_type" baseColumnNames="changed_by" referencedTableName="users"
			referencedColumnNames="user_id" />
		<addForeignKeyConstraint constraintName="commonlabtest_type_retired_by_fk"
			baseTableName="commonlabtest_type" baseColumnNames="retired_by" referencedTableName="users"
			referencedColumnNames="user_id" />
	</changeSet>

	<changeSet id="commonlabtest-2018-05-08-2" author="owais.hussain">
		<preConditions onFail="MARK_RAN">
			<not>
				<tableExists tableName="commonlabtest_attribute_type" />
			</not>
		</preConditions>
		<comment>
			Creating the commonlabtest_attribute_type table
		</comment>
		<createTable tableName="commonlabtest_attribute_type">
			<column name="test_attribute_type_id" type="int" autoIncrement="true">
				<constraints primaryKey="true" nullable="false" />
			</column>
			<column name="test_type_id" type="int">
				<!-- Each attribute type belongs to a test type -->
				<constraints nullable="false" />
			</column>
			<column name="name" defaultValue="" type="varchar(255)">
				<constraints nullable="false" />
			</column>
			<column name="datatype" type="varchar(255)">
				<constraints nullable="false" />
			</column>
			<column name="min_occurs" defaultValueNumeric="0" type="int">
				<constraints nullable="false" />
			</column>
			<column name="max_occurs" type="int" />
			<column name="datatype_config" type="text" />
			<column name="handler_config" type="text" />
			<column name="sort_weight" type="double" />
			<column name="description" type="text">
				<constraints nullable="false" />
			</column>
			<column name="creator" defaultValueNumeric="0" type="int">
				<constraints nullable="false" />
			</column>
			<column name="date_created" type="datetime">
				<constraints nullable="false" />
			</column>
			<column name="changed_by" type="int" />
			<column name="date_changed" type="datetime" />
			<column name="retired" defaultValueBoolean="false" type="boolean">
				<constraints nullable="false" />
			</column>
			<column name="retired_by" type="int" />
			<column name="date_retired" type="datetime" />
			<column name="retire_reason" type="varchar(255)" />
			<column name="uuid" type="char(38)">
				<constraints nullable="false" unique="true"></constraints>
			</column>
		</createTable>
		<addForeignKeyConstraint constraintName="commonlabtest_attribute_type_test_type_fk"
			baseTableName="commonlabtest_attribute_type" baseColumnNames="test_type_id" referencedTableName="commonlabtest_type"
			referencedColumnNames="test_type_id" />
		<addForeignKeyConstraint constraintName="commonlabtest_attribute_type_creator_fk"
			baseTableName="commonlabtest_attribute_type" baseColumnNames="creator" referencedTableName="users"
			referencedColumnNames="user_id" />
		<addForeignKeyConstraint constraintName="commonlabtest_attribute_type_changed_by_fk"
			baseTableName="commonlabtest_attribute_type" baseColumnNames="changed_by" referencedTableName="users"
			referencedColumnNames="user_id" />
		<addForeignKeyConstraint constraintName="commonlabtest_attribute_type_retired_by_fk"
			baseTableName="commonlabtest_attribute_type" baseColumnNames="retired_by" referencedTableName="users"
			referencedColumnNames="user_id" />
	</changeSet>

	<changeSet id="commonlabtest-2018-05-08-3" author="owais.hussain">
		<preConditions onFail="MARK_RAN">
			<not>
				<tableExists tableName="commonlabtest_test" />
			</not>
		</preConditions>
		<comment>
			Creating the commonlabtest_test table
		</comment>
		<createTable tableName="commonlabtest_test">
			<column name="test_order_id" type="int">
				<!-- A lab test has one-to-one mapping with orders -->
				<constraints primaryKey="true" nullable="false" />
			</column>
			<column name="test_type_id" type="int">
				<constraints nullable="false" />
			</column>
			<column name="lab_reference_number" type="varchar(255)" />
			<column name="creator" defaultValueNumeric="0" type="int">
				<constraints nullable="false" />
			</column>
			<column name="date_created" type="datetime">
				<constraints nullable="false" />
			</column>
			<column name="changed_by" type="int" />
			<column name="date_changed" type="datetime" />
			<column name="voided" defaultValueBoolean="false" type="boolean">
				<constraints nullable="false" />
			</column>
			<column name="voided_by" type="int" />
			<column name="date_voided" type="datetime" />
			<column name="void_reason" type="varchar(255)" />
			<column name="uuid" type="char(38)">
				<constraints nullable="false" unique="true"></constraints>
			</column>
		</createTable>
		<addForeignKeyConstraint constraintName="commonlabtest_test_orders_fk"
			baseTableName="commonlabtest_test" baseColumnNames="test_order_id" referencedTableName="orders"
			referencedColumnNames="order_id" />
		<addForeignKeyConstraint constraintName="commonlabtest_test_type_fk"
			baseTableName="commonlabtest_test" baseColumnNames="test_type_id" referencedTableName="commonlabtest_type"
			referencedColumnNames="test_type_id" />
		<addForeignKeyConstraint constraintName="commonlabtest_test_creator_fk"
			baseTableName="commonlabtest_test" baseColumnNames="creator" referencedTableName="users" referencedColumnNames="user_id" />
		<addForeignKeyConstraint constraintName="commonlabtest_test_changed_by_fk"
			baseTableName="commonlabtest_test" baseColumnNames="changed_by" referencedTableName="users"
			referencedColumnNames="user_id" />
		<addForeignKeyConstraint constraintName="commonlabtest_test_voided_by_fk"
			baseTableName="commonlabtest_test" baseColumnNames="voided_by" referencedTableName="users" referencedColumnNames="user_id" />
	</changeSet>

	<changeSet id="commonlabtest-2018-05-08-4" author="owais.hussain">
		<preConditions onFail="MARK_RAN">
			<not>
				<tableExists tableName="commonlabtest_attribute" />
			</not>
		</preConditions>
		<comment>
			Creating the commonlabtest_attribute table
		</comment>
		<createTable tableName="commonlabtest_attribute">
			<column name="test_attribute_id" type="int" autoIncrement="true">
				<constraints primaryKey="true" nullable="false" />
			</column>
			<column name="test_order_id" type="int">
				<constraints nullable="false" />
			</column>
			<column name="attribute_type_id" type="int">
				<constraints nullable="false" />
			</column>
			<column name="value_reference" type="varchar(255)" />
			<column name="creator" defaultValueNumeric="0" type="int">
				<constraints nullable="false" />
			</column>
			<column name="date_created" type="datetime">
				<constraints nullable="false" />
			</column>
			<column name="changed_by" type="int" />
			<column name="date_changed" type="datetime" />
			<column name="voided" defaultValueBoolean="false" type="boolean">
				<constraints nullable="false" />
			</column>
			<column name="voided_by" type="int" />
			<column name="date_voided" type="datetime" />
			<column name="void_reason" type="varchar(255)" />
			<column name="uuid" type="char(38)">
				<constraints nullable="false" unique="true"></constraints>
			</column>
		</createTable>
		<addForeignKeyConstraint constraintName="commonlabtest_attribute_test_fk"
			baseTableName="commonlabtest_attribute" baseColumnNames="test_order_id" referencedTableName="commonlabtest_test"
			referencedColumnNames="test_order_id" />
		<addForeignKeyConstraint constraintName="commonlabtest_attribute_attribute_type_fk"
			baseTableName="commonlabtest_attribute" baseColumnNames="attribute_type_id"
			referencedTableName="commonlabtest_attribute_type" referencedColumnNames="test_attribute_type_id" />
		<addForeignKeyConstraint constraintName="commonlabtest_attribute_creator_fk"
			baseTableName="commonlabtest_attribute" baseColumnNames="creator" referencedTableName="users"
			referencedColumnNames="user_id" />
		<addForeignKeyConstraint constraintName="commonlabtest_attribute_changed_by_fk"
			baseTableName="commonlabtest_attribute" baseColumnNames="changed_by" referencedTableName="users"
			referencedColumnNames="user_id" />
		<addForeignKeyConstraint constraintName="commonlabtest_attribute_voided_by_fk"
			baseTableName="commonlabtest_attribute" baseColumnNames="voided_by" referencedTableName="users"
			referencedColumnNames="user_id" />
	</changeSet>

	<changeSet id="commonlabtest-2018-05-08-5" author="owais.hussain">
		<preConditions onFail="MARK_RAN">
			<not>
				<tableExists tableName="commonlabtest_sample" />
			</not>
		</preConditions>
		<comment>
			Creating the commonlabtest_sample table
		</comment>
		<createTable tableName="commonlabtest_sample">
			<!-- This column is renamed to test_sample_id in later changeset -->
			<column name="test_attribute_id" type="int" autoIncrement="true">
				<constraints primaryKey="true" nullable="false" />
			</column>
			<column name="test_order_id" type="int">
				<constraints nullable="false" />
			</column>
			<column name="specimen_type" type="int">
				<!-- Concept representing the name of the specimen, like "Sputum", "Blood", "Bone Marrow", etc. -->
				<constraints nullable="false" />
			</column>
			<column name="specimen_site" type="int">
				<!-- Concept representing the body part where the sample was collected from -->
			</column>
			<column name="is_expirable" defaultValueBoolean="true" type="boolean">
				<constraints nullable="false" />
			</column>
			<column name="expiry_date" type="datetime" />
			<column name="lab_sample_identifier" type="varchar(255)" />
			<column name="collector" defaultValueNumeric="0" type="int">
				<constraints nullable="false" />
			</column>
			<column name="status" type="varchar(50)" />
			<column name="comments" type="varchar(255)" />
			<column name="creator" defaultValueNumeric="0" type="int">
				<constraints nullable="false" />
			</column>
			<column name="date_created" type="datetime">
				<constraints nullable="false" />
			</column>
			<column name="changed_by" type="int" />
			<column name="date_changed" type="datetime" />
			<column name="voided" defaultValueBoolean="false" type="boolean">
				<constraints nullable="false" />
			</column>
			<column name="voided_by" type="int" />
			<column name="date_voided" type="datetime" />
			<column name="void_reason" type="varchar(255)" />
			<column name="uuid" type="char(38)">
				<constraints nullable="false" unique="true"></constraints>
			</column>
		</createTable>
		<addForeignKeyConstraint constraintName="commonlabtest_sample_test_fk"
			baseTableName="commonlabtest_sample" baseColumnNames="test_order_id" referencedTableName="commonlabtest_test"
			referencedColumnNames="test_order_id" />
		<addForeignKeyConstraint constraintName="commonlabtest_sample_specimen_type_fk"
			baseTableName="commonlabtest_sample" baseColumnNames="specimen_type" referencedTableName="concept"
			referencedColumnNames="concept_id" />
		<addForeignKeyConstraint constraintName="commonlabtest_sample_specimen_site_fk"
			baseTableName="commonlabtest_sample" baseColumnNames="specimen_site" referencedTableName="concept"
			referencedColumnNames="concept_id" />
		<addForeignKeyConstraint constraintName="commonlabtest_sample_collector_fk"
			baseTableName="commonlabtest_sample" baseColumnNames="collector" referencedTableName="provider"
			referencedColumnNames="provider_id" />
		<addForeignKeyConstraint constraintName="commonlabtest_sample_creator_fk"
			baseTableName="commonlabtest_sample" baseColumnNames="creator" referencedTableName="users" referencedColumnNames="user_id" />
		<addForeignKeyConstraint constraintName="commonlabtest_sample_changed_by_fk"
			baseTableName="commonlabtest_sample" baseColumnNames="changed_by" referencedTableName="users"
			referencedColumnNames="user_id" />
		<addForeignKeyConstraint constraintName="commonlabtest_sample_voided_by_fk"
			baseTableName="commonlabtest_sample" baseColumnNames="voided_by" referencedTableName="users"
			referencedColumnNames="user_id" />
	</changeSet>

	<!-- Adding missing column in commonlabtest_attribute_type table -->
	<changeSet id="commonlabtest-2018-07-12-1" author="shujaat">
		<preConditions onFail="MARK_RAN">
			<not>
				<columnExists tableName="commonlabtest_attribute_type" columnName="preferred_handler" />
			</not>
		</preConditions>
		<addColumn tableName="commonlabtest_attribute_type">
			<column name="preferred_handler" type="varchar(255)">
			</column>
		</addColumn>

	</changeSet>

	<!-- Renaming the primary key in commonlabtest_sample table -->
	<changeSet id="commonlabtest-2018-07-16-1" author="tahira.niazi">
		<preConditions onFail="MARK_RAN">
			<not>
				<columnExists tableName="commonlabtest_sample" columnName="test_sample_id" />
			</not>
		</preConditions>
		<renameColumn tableName="commonlabtest_sample" oldColumnName="test_attribute_id"
			newColumnName="test_sample_id" columnDataType="int" />
	</changeSet>

	<!-- Adding missing columns in commonlabtest_sample table -->
	<changeSet id="commonlabtest-2018-08-07-1" author="owais.hussain">
		<preConditions onFail="MARK_RAN">
			<not>
				<columnExists tableName="commonlabtest_sample" columnName="collection_date" />
			</not>
		</preConditions>
		<addColumn tableName="commonlabtest_sample">
			<column name="collection_date" type="datetime" />
		</addColumn>
	</changeSet>
	<changeSet id="commonlabtest-2018-08-07-2" author="owais.hussain">
		<preConditions onFail="MARK_RAN">
			<not>
				<columnExists tableName="commonlabtest_sample" columnName="processed_date" />
			</not>
		</preConditions>
		<addColumn tableName="commonlabtest_sample">
			<column name="processed_date" type="datetime" />
		</addColumn>
	</changeSet>
	<changeSet id="commonlabtest-2018-08-07-3" author="owais.hussain">
		<preConditions onFail="MARK_RAN">
			<not>
				<columnExists tableName="commonlabtest_sample" columnName="quantity" />
			</not>
		</preConditions>
		<addColumn tableName="commonlabtest_sample">
			<column name="quantity" type="double" />
		</addColumn>
	</changeSet>
	<changeSet id="commonlabtest-2018-08-07-4" author="owais.hussain">
		<preConditions onFail="MARK_RAN">
			<not>
				<columnExists tableName="commonlabtest_sample" columnName="units" />
			</not>
		</preConditions>
		<addColumn tableName="commonlabtest_sample">
			<column name="units" type="varchar(255)" />
		</addColumn>
	</changeSet>

	<!-- Inserting mandatory concept and (for) Unknwon test type in commonlabtest_type table -->
	<changeSet id="commonlabtest-2018-08-07-5" author="owais.hussain">
		<preConditions onFail="MARK_RAN">
			<sqlCheck expectedResult="0">select count(*) from concept where short_name = 'UNKNOWN LAB TEST TYPE'</sqlCheck>
		</preConditions>
		<insert tableName="concept">
			<column name="concept_id">0</column>
			<column name="short_name">UNKNOWN LAB TEST TYPE</column>
			<column name="description">Assigned to laboratory tests which are not known, for example if respective
				information is purged. This
				is inserted by, and used in CommonLabTest module
			</column>
			<column name="datatype_id">4</column>
			<column name="class_id">8</column>
			<column name="creator">1</column>
			<column name="retired">0</column>
			<column name="date_created">2018-08-07 12:00:00</column>
			<column name="uuid">b095450e-9ad0-11e8-844c-448a5b471032</column>
		</insert>
	</changeSet>
	<changeSet id="commonlabtest-2018-08-07-6" author="owais.hussain">
		<preConditions onFail="MARK_RAN">
			<!-- Execute only when the above is successful -->
			<changeSetExecuted id="commonlabtest-2018-08-07-5" author="owais.hussain" changeLogFile="liquibase.xml" />
			<sqlCheck expectedResult="0">select count(*) from commonlabtest_type where name='Unknown Test Type'</sqlCheck>
		</preConditions>
		<insert tableName="commonlabtest_type">
			<column name="test_type_id">0</column>
			<column name="name">Unknown Test Type</column>
			<column name="short_name">UNKNOWN</column>
			<column name="test_group">OTHER</column>
			<column name="requires_specimen">0</column>
			<!-- Temporarily store 1 as concept ID, later assign the correct one via SQL -->
			<column name="reference_concept_id">1</column>
			<column name="description">Used when Test Type is not known. For example when actual test type is purged</column>
			<column name="creator">1</column>
			<column name="retired">0</column>
			<column name="date_created">2018-08-07 12:00:00</column>
			<column name="uuid">ee9b140e-9a29-11e8-a296-40b034c3cfee</column>
		</insert>
		<sql>
			UPDATE commonlabtest_type SET reference_concept_id=(SELECT concept_id FROM concept WHERE
			uuid='b095450e-9ad0-11e8-844c-448a5b471032')
			<comment>This command sets the correct concept to reference, because there was no straight way to fetch the last
				autoincrement ID of the concept inserted in changeset # commonlabtest-2018-08-07-5
			</comment>
		</sql>
	</changeSet>

	<changeSet id="commonlabtest-2018-08-07-7" author="owais.hussain">
		<preConditions onFail="MARK_RAN">
			<sqlCheck expectedResult="0">select count(*) from privilege where privilege like '%CommonLabTest%'</sqlCheck>
		</preConditions>
		<insert tableName="privilege">
			<column name="privilege">Add CommonLabTest Metadata</column>
			<column name="description">Access to create new LabTest and LabTestAttributeType objects</column>
			<column name="uuid">774f26c5-9a3e-11e8-a296-40b034c3cfee</column>
		</insert>
		<insert tableName="privilege">
			<column name="privilege">Edit CommonLabTest Metadata</column>
			<column name="description">Access to change existing LabTest and LabTestAttributeType objects</column>
			<column name="uuid">f492181f-9a3e-11e8-a296-40b034c3cfee</column>
		</insert>
		<insert tableName="privilege">
			<column name="privilege">Delete CommonLabTest Metadata</column>
			<column name="description">Access to delete or retire LabTest and LabTestAttributeType objects</column>
			<column name="uuid">fa0025da-9a3e-11e8-a296-40b034c3cfee</column>
		</insert>
		<insert tableName="privilege">
			<column name="privilege">View CommonLabTest Metadata</column>
			<column name="description">Access to view LabTest and LabTestAttributeType objects</column>
			<column name="uuid">fec867c9-9a3e-11e8-a296-40b034c3cfee</column>
		</insert>
		<insert tableName="privilege">
			<column name="privilege">Add CommonLabTest Samples</column>
			<column name="description">Access to create new LabTestSample objects</column>
			<column name="uuid">0ca672e1-9a3f-11e8-a296-40b034c3cfee</column>
		</insert>
		<insert tableName="privilege">
			<column name="privilege">Edit CommonLabTest Samples</column>
			<column name="description">Access to change new LabTestSample objects</column>
			<column name="uuid">0ca6734e-9a3f-11e8-a296-40b034c3cfee</column>
		</insert>
		<insert tableName="privilege">
			<column name="privilege">Delete CommonLabTest Samples</column>
			<column name="description">Access to delete or void LabTestSample objects</column>
			<column name="uuid">0ca67391-9a3f-11e8-a296-40b034c3cfee</column>
		</insert>
		<insert tableName="privilege">
			<column name="privilege">View CommonLabTest Samples</column>
			<column name="description">Access to view LabTestSample objects</column>
			<column name="uuid">0ca673e9-9a3f-11e8-a296-40b034c3cfee</column>
		</insert>
		<insert tableName="privilege">
			<column name="privilege">Add CommonLabTest Orders</column>
			<column name="description">Access to create new LabTest objects</column>
			<column name="uuid">448289f0-9a3f-11e8-a296-40b034c3cfee</column>
		</insert>
		<insert tableName="privilege">
			<column name="privilege">Edit CommonLabTest Orders</column>
			<column name="description">Access to change new LabTest objects</column>
			<column name="uuid">44828a6b-9a3f-11e8-a296-40b034c3cfee</column>
		</insert>
		<insert tableName="privilege">
			<column name="privilege">Delete CommonLabTest Orders</column>
			<column name="description">Access to delete or void LabTest objects</column>
			<column name="uuid">44828a80-9a3f-11e8-a296-40b034c3cfee</column>
		</insert>
		<insert tableName="privilege">
			<column name="privilege">View CommonLabTest Orders</column>
			<column name="description">Access to view LabTest objects</column>
			<column name="uuid">44828a9c-9a3f-11e8-a296-40b034c3cfee</column>
		</insert>
		<insert tableName="privilege">
			<column name="privilege">Add CommonLabTest results</column>
			<column name="description">Access to add LabResult objects</column>
			<column name="uuid">f8eaa25f-033a-4b2b-b23a-55295b7890bf</column>
		</insert>
		<insert tableName="privilege">
			<column name="privilege">Edit CommonLabTest results</column>
			<column name="description">Access to edit LabResult objects</column>
			<column name="uuid">3a0d03bb-6649-4a51-fbe9-689edd3499c7</column>
		</insert>
		<insert tableName="privilege">
			<column name="privilege">View CommonLabTest results</column>
			<column name="description">Access to view LabResult objects</column>
			<column name="uuid">55ef129a-6439-44c4-f3b6-466c19732433</column>
		</insert>
		<insert tableName="privilege">
			<column name="privilege">Delete CommonLabTest results</column>
			<column name="description">Access to delete LabResult objects</column>
			<column name="uuid">de85c1fa-ab3c-4141-b381-45d90b5f7634</column>
		</insert>
	</changeSet>

	<changeSet id="commonlabtest-2018-08-16-2" author="tahira.niazi">
		<preConditions onFail="MARK_RAN">
			<columnExists tableName="commonlabtest_sample" columnName="test_sample_id" />
		</preConditions>
		<comment>Adding auto increment property to commonlabtest_sample.test_sample_id</comment>
		<addAutoIncrement tableName="commonlabtest_sample" columnName="test_sample_id" columnDataType="int" />
	</changeSet>
	<changeSet id="commonlabtest-2018-08-16-3" author="mahmed14">
		<preConditions onFail="MARK_RAN">
			<not>
				<columnExists tableName="commonlabtest_test" columnName="instructions" />
			</not>
		</preConditions>
		<addColumn tableName="commonlabtest_test">
			<column name="instructions" type="varchar(512)" />
		</addColumn>
	</changeSet>
	<changeSet id="commonlabtest-2018-08-16-4" author="mahmed14">
		<preConditions onFail="MARK_RAN">
			<not>
				<columnExists tableName="commonlabtest_test" columnName="report_file_path" />
			</not>
		</preConditions>
		<addColumn tableName="commonlabtest_test">
			<column name="report_file_path" type="varchar(1024)" />
		</addColumn>
	</changeSet>
	<changeSet id="commonlabtest-2018-09-05-5" author="shujaat.ali">
		<preConditions onFail="MARK_RAN">
			<not>
				<columnExists tableName="commonlabtest_test" columnName="result_comments" />
			</not>
		</preConditions>
		<addColumn tableName="commonlabtest_test">
			<column name="result_comments" type="varchar(1024)" />
		</addColumn>
	</changeSet>
	<changeSet id="commonlabtest-2018-09-24-6" author="shujaat.ali">
		<preConditions onFail="MARK_RAN">
			<not>
				<columnExists tableName="commonlabtest_attribute_type" columnName="hint" />
			</not>
		</preConditions>
		<addColumn tableName="commonlabtest_attribute_type">
			<column name="hint" type="varchar(1024)" />
		</addColumn>
	</changeSet>
	<changeSet id="commonlabtest-2018-10-2-8" author="shujaat.ali">
		<preConditions onFail="MARK_RAN">
			<not>
				<columnExists tableName="commonlabtest_attribute_type" columnName="group_name" />
			</not>
		</preConditions>
		<addColumn tableName="commonlabtest_attribute_type">
			<column name="group_name" type="varchar(255)" />
		</addColumn>
	</changeSet>
	<changeSet id="commonlabtest-2018-2018-11-27-9" author="shujaat.ali">
		<preConditions onFail="MARK_RAN">
			<not>
				<columnExists tableName="commonlabtest_attribute_type" columnName="multiset_name" />
			</not>
		</preConditions>
		<addColumn tableName="commonlabtest_attribute_type">
			<column name="multiset_name" type="varchar(255)" />
		</addColumn>
	</changeSet>
	
   <!-- 	
	<changeSet author="shujaat.ali" id="commonlabtest-2019-2019-9-4-10">
	    <update tableName="role_privilege">
	        <column name="privilege" value='Add CommonLabTest Results'/>
	        <where>privilege='Add CommonLabTest results'</where>
	    </update>
    </changeSet> -->
    
    <changeSet author="shujaat.ali" id="commonlabtest-2019-2019-9-5-11">
		<sql>
			SET foreign_key_checks = 0; 
			UPDATE privilege p LEFT JOIN role_privilege rp ON p.privilege = rp.privilege 
			SET p.privilege = 'Add CommonLabTest Results' , rp.privilege ='Add CommonLabTest Results'
			WHERE p.privilege ='Add CommonLabTest results';
			SET foreign_key_checks = 1;
		</sql>
	</changeSet>
	
	   <changeSet author="shujaat.ali" id="commonlabtest-2019-2019-9-5-12">
		<sql>
			SET foreign_key_checks = 0; 
			UPDATE privilege p LEFT JOIN role_privilege rp ON p.privilege = rp.privilege 
			SET p.privilege = 'View CommonLabTest Results' , rp.privilege ='View CommonLabTest Results'
			WHERE p.privilege ='View CommonLabTest results';
			SET foreign_key_checks = 1;
		</sql>
	</changeSet>
	
	   <changeSet author="shujaat.ali" id="commonlabtest-2019-2019-9-5-13">
		<sql>
			SET foreign_key_checks = 0; 
			UPDATE privilege p LEFT JOIN role_privilege rp ON p.privilege = rp.privilege 
			SET p.privilege = 'Edit CommonLabTest Results' , rp.privilege ='Edit CommonLabTest Results'
			WHERE p.privilege ='Edit CommonLabTest results';
			SET foreign_key_checks = 1;
		</sql>
	</changeSet>
	
	<changeSet author="shujaat.ali" id="commonlabtest-2019-2019-9-5-14">
		<sql>
			SET foreign_key_checks = 0; 
			UPDATE privilege p LEFT JOIN role_privilege rp ON p.privilege = rp.privilege 
			SET p.privilege = 'Delete CommonLabTest Results' , rp.privilege ='Delete CommonLabTest Results'
			WHERE p.privilege ='Delete CommonLabTest results';
			SET foreign_key_checks = 1;
		</sql>
	</changeSet>
	
	<changeSet id="commonlabtest-2020-10-15-1" author="tahira.niazi">
		<dropNotNullConstraint columnDataType="text"  
            columnName="description" tableName="commonlabtest_attribute_type"/> 
	</changeSet>

</databaseChangeLog>
