<?xml version="1.0" encoding="UTF-8"?>
<beans xmlns="http://www.springframework.org/schema/beans"
	xmlns:xsi="http://www.w3.org/2001/XMLSchema-instance" xmlns:context="http://www.springframework.org/schema/context"
	xmlns:util="http://www.springframework.org/schema/util"
	xsi:schemaLocation="http://www.springframework.org/schema/beans 
           http://www.springframework.org/schema/beans/spring-beans-2.5.xsd
           http://www.springframework.org/schema/context
           http://www.springframework.org/schema/context/spring-context-2.5.xsd
           http://www.springframework.org/schema/util
           http://www.springframework.org/schema/util/spring-util-2.0.xsd">

	<bean id="simpleLabEntryUrlMapping" class="org.springframework.web.servlet.handler.SimpleUrlHandlerMapping">
		<property name="order"><value>50</value></property>
		<property name="mappings">
			<props>
				<prop key="**/labOrders.portlet">simpleLabEntryPortletController</prop>
				<prop key="**/orderEntry.portlet">simpleLabEntryPortletController</prop>
			</props>
		</property>
	</bean>

	<bean id="simpleLabEntryPortletController" class="org.openmrs.module.simplelabentry.web.controller.LabEntryPortletController" />

	<bean class="org.springframework.web.servlet.mvc.annotation.DefaultAnnotationHandlerMapping" />
	<context:component-scan base-package="org.openmrs.module.simplelabentry.web" />

</beans>
