<?xml version="1.0" encoding="UTF-8"?>
<beans xmlns="http://www.springframework.org/schema/beans"
	xmlns:xsi="http://www.w3.org/2001/XMLSchema-instance" xmlns:p="http://www.springframework.org/schema/p"
	xmlns:context="http://www.springframework.org/schema/context"
	xmlns:jee="http://www.springframework.org/schema/jee" xmlns:tx="http://www.springframework.org/schema/tx"
	xmlns:aop="http://www.springframework.org/schema/aop" xmlns:util="http://www.springframework.org/schema/util"
	xsi:schemaLocation="http://www.springframework.org/schema/beans
  		    http://www.springframework.org/schema/beans/spring-beans-3.0.xsd
  		    http://www.springframework.org/schema/context
  		    http://www.springframework.org/schema/context/spring-context-3.0.xsd
  		    http://www.springframework.org/schema/jee
  		    http://www.springframework.org/schema/jee/spring-jee-3.0.xsd
  		    http://www.springframework.org/schema/tx
  		    http://www.springframework.org/schema/tx/spring-tx-3.0.xsd
  		    http://www.springframework.org/schema/aop
  		    http://www.springframework.org/schema/aop/spring-aop-3.0.xsd
  		    http://www.springframework.org/schema/util
  		    http://www.springframework.org/schema/util/spring-util-3.0.xsd">

    <bean id="dispensingService" class="org.springframework.transaction.interceptor.TransactionProxyFactoryBean">
        <property name="transactionManager">
            <ref bean="transactionManager"/>
        </property>
        <property name="target">
            <bean class="${project.parent.groupId}.${project.parent.artifactId}.api.impl.DispensingServiceImpl">
                <property name="dao">
                    <bean class="${project.parent.groupId}.${project.parent.artifactId}.api.db.hibernate.HibernateDispensingDAO">
                        <property name="sessionFactory">
                            <ref bean="dbSessionFactory" />
                        </property>
                    </bean>
                </property>
                <property name="emrApiProperties" ref="emrApiProperties"/>
                <property name="obsService" ref="obsService"/>
                <property name="conceptService" ref="conceptService"/>
                <property name="locationService" ref="locationService"/>
            </bean>
        </property>
        <property name="preInterceptors">
            <ref bean="serviceInterceptors"/>
        </property>
        <property name="transactionAttributeSource">
            <ref bean="transactionAttributeSource"/>
        </property>
    </bean>

    <bean parent="serviceContext">
        <property name="moduleService">
            <list merge="true">
                <value>${project.parent.groupId}.${project.parent.artifactId}.api.DispensingService</value>
                <ref bean="dispensingService"/>
            </list>
        </property>
    </bean>
</beans>
