<assembly xmlns="http://maven.apache.org/plugins/maven-assembly-plugin/assembly/1.1.3" xmlns:xsi="http://www.w3.org/2001/XMLSchema-instance"
          xsi:schemaLocation="http://maven.apache.org/plugins/maven-assembly-plugin/assembly/1.1.3 http://maven.apache.org/xsd/assembly-1.1.3.xsd">
    <includeBaseDirectory>false</includeBaseDirectory>
    <baseDirectory>dist</baseDirectory>
    <id>zip-owa</id>
    <formats>
        <format>zip</format>
    </formats>
    <fileSets>
        <fileSet>
            <directory>app</directory>
            <outputDirectory>.</outputDirectory>
            <includes>
                <include>build/*</include>
                <include>css/*</include>
                <include>img/*</include>
                <include>*.html</include>
                <include>manifest.webapp</include>
            </includes>
        </fileSet>
    </fileSets>
</assembly>