<?xml version="1.0" encoding="UTF-8"?>

<databaseChangeLog xmlns="http://www.liquibase.org/xml/ns/dbchangelog"
                   xmlns:xsi="http://www.w3.org/2001/XMLSchema-instance"
                   xsi:schemaLocation="http://www.liquibase.org/xml/ns/dbchangelog
         http://www.liquibase.org/xml/ns/dbchangelog/dbchangelog-2.0.xsd">
    <changeSet author="ict4h" id="org.ict4h.openmrs-atomfeed-2013-03-01-18:30">
        <createTable tableName="event_records">
            <column name="id" type="serial">
                <constraints nullable="false" primaryKey="true"/>
            </column>
            <column name="uuid" type="varchar(40)"/>
            <column name="title" type="varchar(255)"/>
            <column name="timestamp" type="TIMESTAMP" defaultValueDate="CURRENT_TIMESTAMP"/>
            <column name="uri" type="varchar(255)"/>
            <!-- Change to CLOB -->
            <column name="object" type="varchar(1000)"/>
            <column name="category" type="varchar(255)"/>
        </createTable>
        <createTable tableName="chunking_history">
            <column name="id" type="serial">
                <constraints nullable="false" primaryKey="true"/>
            </column>
            <column name="chunk_length" type="BIGINT"/>
            <column name="start" type="BIGINT">
                <constraints nullable="false"/>
            </column>
        </createTable>
        <modifyDataType tableName="chunking_history" columnName="id" newDataType="int"/>
        <addAutoIncrement tableName="chunking_history" columnName="id" columnDataType="int"/>
        <modifyDataType tableName="event_records" columnName="id" newDataType="int"/>
        <addAutoIncrement tableName="event_records" columnName="id" columnDataType="int"/>
    </changeSet>
    <changeSet author="ict4h" id="org.ict4h.openmrs-atomfeed-2014-01-02-00:00">
        <createTable tableName="event_records_offset_marker">
            <column name="id" type="int" autoIncrement="true">
                <constraints nullable="false" primaryKey="true"/>
            </column>
            <column name="event_id" type="int"/>
            <column name="event_count" type="int"/>
            <column name="category" type="varchar(255)"/>
        </createTable>
    </changeSet>
    <changeSet author="Chethan, Banka" id="org.ict4h.openmrs-atomfeed-2014-06-10-14:22">
        <preConditions onFail="MARK_RAN">
            <sqlCheck expectedResult="0">
                SELECT COUNT(*) FROM global_property where property = 'encounter.feed.publish.url'
            </sqlCheck>
        </preConditions>
        <comment>Adding global property for encounter feed publish url</comment>
        <insert tableName="global_property">
            <column name="property" value="encounter.feed.publish.url"/>
            <column name="property_value" value="/openmrs/ws/rest/emrapi/encounter/%s?includeAll=true"/>
            <column name="uuid" valueComputed="UUID()"/>
            <column name="description" value="Url to be published on encounter save."/>
        </insert>
    </changeSet>
    <changeSet id="17092015053645" author="Hemanth">
        <createTable tableName="event_records_queue">
            <column name="id" type="int" autoIncrement="true">
                <constraints nullable="false" primaryKey="true"/>
            </column>
            <column name="uuid" type="varchar(40)"/>
            <column name="title" type="varchar(255)"/>
            <column name="timestamp" type="TIMESTAMP" defaultValueDate="CURRENT_TIMESTAMP"/>
            <column name="uri" type="varchar(255)"/>
            <!-- Change to CLOB -->
            <column name="object" type="varchar(1000)"/>
            <column name="category" type="varchar(255)"/>
        </createTable>
    </changeSet>
    <changeSet id="openmrs-atomfeed-offset-marker-20150909122334" author="tw">
        <insert tableName="scheduler_task_config">
            <column name="name" value="OpenMRS event publisher task"/>
            <column name="schedulable_class" value="org.openmrs.module.atomfeed.scheduler.tasks.EventPublisherTask"/>
            <column name="start_time" valueDate=" now() "/>
            <column name="start_time_pattern" value="MM/dd/yyyy HH:mm:ss"/>
            <column name="repeat_interval" value="2"/>
            <column name="start_on_startup" value="1"/>
            <column name="started" value="1"/>
            <column name="created_by" value="1"/>
            <column name="date_created" valueDate=" now() "/>
            <column name="uuid" valueComputed=" uuid() "/>
        </insert>
    </changeSet>

    <changeSet id="20160119-1146" context="setup" author="Shashi, Hanisha">
        <preConditions onFail="MARK_RAN">
            <not>
                <columnExists columnName="date_created" tableName="event_records"/>
            </not>
        </preConditions>
        <comment>Creating column date_created for queue table. This indicates the time event was raised or created.</comment>
        <addColumn tableName="event_records">
            <column name="date_created" type="TIMESTAMP" defaultValueDate="CURRENT_TIMESTAMP"/>
        </addColumn>
    </changeSet>


    <changeSet id="20160603-1739" author="angshu">
        <preConditions onFail="MARK_RAN">
            <sqlCheck expectedResult="0">select count(*) from chunking_history;</sqlCheck>
        </preConditions>
        <comment>Default chunking history entry if doesn't exist.</comment>
        <insert tableName="chunking_history">
            <column name="chunk_length" valueNumeric="5"/>
            <column name="start" valueNumeric="1"/>
        </insert>
    </changeSet>

    <changeSet id="20160712-1977-1" author="Jaswanth/Sanjit">
        <preConditions onFail="MARK_RAN">
            <sqlCheck expectedResult="0">
                SELECT COUNT(*) FROM global_property where property = 'atomfeed.publish.eventsForPatientRelationshipChange'
            </sqlCheck>
        </preConditions>
        <comment>Adding global property to act as switch for raising relationship events</comment>
        <insert tableName="global_property">
            <column name="property" value="atomfeed.publish.eventsForPatientRelationshipChange"/>
            <column name="property_value" value=""/>
            <column name="uuid" valueComputed="UUID()"/>
            <column name="description" value="If set true, events related to relationship changes are published"/>
        </insert>
    </changeSet>

    <changeSet id="20160712-1977-2" author="Jaswanth/Sanjit">
        <preConditions onFail="MARK_RAN">
            <sqlCheck expectedResult="0">
                SELECT COUNT(*) FROM global_property where property = 'atomfeed.event.urlPatternForPatientRelationshipChange'
            </sqlCheck>
        </preConditions>
        <comment>Adding global property to specify the URL pattern for published relationship events</comment>
        <insert tableName="global_property">
            <column name="property" value="atomfeed.event.urlPatternForPatientRelationshipChange"/>
            <column name="property_value" value=""/>
            <column name="uuid" valueComputed="UUID()"/>
            <column name="description" value="URL pattern to use for published relationship events. Default is /openmrs/ws/rest/v1/relationship/%s"/>
        </insert>
    </changeSet>

    <changeSet id="20160705-1120" context="setup" author="angshu">
        <preConditions onFail="MARK_RAN">
            <not>
                <columnExists columnName="tags" tableName="event_records_queue"/>
            </not>
        </preConditions>
        <comment>Creating column tags for queue table. Each event can be tagged with multiple tags; as comma separated strings</comment>
        <addColumn tableName="event_records_queue">
            <column name="tags" type="varchar(255)"></column>
        </addColumn>
    </changeSet>

    <changeSet id="20160705-1130" context="setup" author="angshu">
        <preConditions onFail="MARK_RAN">
            <not>
                <columnExists columnName="tags" tableName="event_records"/>
            </not>
        </preConditions>
        <comment>Creating column tags for event_records table. Each event can be tagged with multiple tags; as comma separated strings</comment>
        <addColumn tableName="event_records">
            <column name="tags" type="varchar(255)"></column>
        </addColumn>
    </changeSet>

    <changeSet id="20160713-1978-1" author="Pankaj/Koushik">
        <preConditions onFail="MARK_RAN">
            <sqlCheck expectedResult="0">
                SELECT COUNT(*) FROM global_property where property = 'atomfeed.publish.eventsForPatientProgramStateChange'
            </sqlCheck>
        </preConditions>
        <comment>Adding global property to act as switch for raising program events</comment>
        <insert tableName="global_property">
            <column name="property" value="atomfeed.publish.eventsForPatientProgramStateChange"/>
            <column name="property_value" value=""/>
            <column name="uuid" valueComputed="UUID()"/>
            <column name="description" value="If set true, events related to program changes are published"/>
        </insert>
    </changeSet>

    <changeSet id="20160713-1978-2" author="Pankaj/Koushik">
        <preConditions onFail="MARK_RAN">
            <sqlCheck expectedResult="0">
                SELECT COUNT(*) FROM global_property where property = 'atomfeed.event.urlPatternForProgramStateChange'
            </sqlCheck>
        </preConditions>
        <comment>Adding global property to specify the URL pattern for published program events</comment>
        <insert tableName="global_property">
            <column name="property" value="atomfeed.event.urlPatternForProgramStateChange"/>
            <column name="property_value" value=""/>
            <column name="uuid" valueComputed="UUID()"/>
            <column name="description" value="URL pattern to use for published program events. Default is /openmrs/ws/rest/v1/programenrollment/{uuid}?v=full"/>
        </insert>
    </changeSet>

</databaseChangeLog>