[
    {
        "id": "dispensing.app",
        "extensionPointId": "org.openmrs.referenceapplication.homepageLink",
        "type": "link",
        "label": "dispensing.app.label",
        "url": "dispensing/findPatient.page",
        "icon": "icon-medicine",
        "order": 12,
        "requiredPrivilege": "App: dispensing.app.dispense"
    },
    {
        "id": "dispensing.dashboardAction",
        "extensionPointId": "patientDashboard.visitActions",
        "type": "link",
        "label": "dispensing.app.label",
        "url": "htmlformentryui/htmlform/enterHtmlFormWithStandardUi.page?patientId={{patient.uuid}}&visitId={{visit.id}}&definitionUiResource=dispensing:htmlforms/dispensing.xml",
        "icon": "icon-medicine",
        "order": 37,
        "requiredPrivilege": "Task: mirebalais.dispensing"
    }
]