<beans xmlns="http://www.springframework.org/schema/beans"
	   xmlns:xsi="http://www.w3.org/2001/XMLSchema-instance"
	   xmlns:context="http://www.springframework.org/schema/context"
	   xmlns:util="http://www.springframework.org/schema/util"
	   xsi:schemaLocation="http://www.springframework.org/schema/beans
           http://www.springframework.org/schema/beans/spring-beans-2.5.xsd
           http://www.springframework.org/schema/context
           http://www.springframework.org/schema/context/spring-context-2.5.xsd
           http://www.springframework.org/schema/util
           http://www.springframework.org/schema/util/spring-util-2.0.xsd">

	<bean id="simpleLabEntryService" class="org.springframework.transaction.interceptor.TransactionProxyFactoryBean">
		<property name="transactionManager"><ref bean="transactionManager"/></property>
		<property name="target">
			<bean class="org.openmrs.module.simplelabentry.impl.SimpleLabEntryServiceImpl" >
				<property name="dao">
					<bean class="org.openmrs.module.simplelabentry.db.hibernate.HibernateSimpleLabEntryDAO">
						<property name="sessionFactory"><ref bean="sessionFactory"/></property>
					</bean>
				</property>
			</bean>
		</property>
		<property name="preInterceptors">
			<ref bean="serviceInterceptors" />
		</property>
		<property name="transactionAttributeSource">
			<bean class="org.springframework.transaction.annotation.AnnotationTransactionAttributeSource"/>
		</property>
	</bean>

    <bean parent="serviceContext">
		<property name="moduleService">
			<list>
				<value>org.openmrs.module.simplelabentry.SimpleLabEntryService</value> 
				<ref bean="simpleLabEntryService"/>
			</list>
		</property>
	</bean>
</beans>
