{
  "feedFilterBeans": [],
  "feedConfigurations": [
    {
      "openMrsClass": "org.openmrs.Location",
      "enabled": "true",
      "title": "Location",
      "category": "location",
      "linkTemplates": {
        "rest": "/ws/rest/v1/location/{uuid}?v=full",
        "fhir": "/ws/fhir/Location/{uuid}"
      }
    },
    {
      "openMrsClass": "org.openmrs.Concept",
      "enabled": "false",
      "title": "Concept",
      "category": "concept",
      "linkTemplates": {
        "rest": "/ws/rest/v1/concept/{uuid}?v=full"
      }
    },
    {
      "openMrsClass": "org.openmrs.Cohort",
      "enabled": "true",
      "title": "Cohort",
      "category": "cohort",
      "linkTemplates": {
        "rest": "/ws/rest/v1/cohort/{uuid}?v=full",
        "fhir": "/ws/fhir/Group/{uuid}"
      }
    },
    {
      "openMrsClass": "org.openmrs.VisitType",
      "enabled": "false",
      "title": "Visit Type",
      "category": "visittype",
      "linkTemplates": {
        "rest": "/ws/rest/v1/visittype/{uuid}?v=full"
      }
    },
    {
      "openMrsClass": "org.openmrs.PersonAddress",
      "enabled": "true",
      "title": "PersonAddress",
      "category": "person_address",
      "linkTemplates": {
        "rest": "/ws/rest/v1/person/{parent-uuid}/address/{uuid}?v=full"
      }
    },
    {
      "openMrsClass": "org.openmrs.PersonName",
      "enabled": "true",
      "title": "PersonName",
      "category": "person_name",
      "linkTemplates": {
        "rest": "/ws/rest/v1/person/{parent-uuid}/name/{uuid}?v=full"
      }
    },
    {
      "openMrsClass": "org.openmrs.PatientIdentifier",
      "enabled": "true",
      "title": "PatientIdentifier",
      "category": "patient_identifier",
      "linkTemplates": {
        "rest": "/ws/rest/v1/patient/{parent-uuid}/identifier/{uuid}?v=full"
      }
    },
    {
      "openMrsClass": "org.openmrs.PersonAttribute",
      "enabled": "true",
      "title": "PersonAttribute",
      "category": "person_attribute",
      "linkTemplates": {
        "rest": "/ws/rest/v1/person/{parent-uuid}/attribute/{uuid}?v=full"
      }
    },
    {
      "openMrsClass": "org.openmrs.Person",
      "enabled": "true",
      "title": "Person",
      "category": "person",
      "linkTemplates": {
        "rest": "/ws/rest/v1/person/{uuid}?v=full",
        "fhir": "/ws/fhir/Person/{uuid}"
      }
    },
    {
      "openMrsClass": "org.openmrs.Provider",
      "enabled": "false",
      "title": "Provider",
      "category": "provider",
      "linkTemplates": {
        "rest": "/ws/rest/v1/provider/{uuid}?v=full",
        "fhir": "/ws/fhir/Provider/{uuid}"
      }
    },
    {
      "openMrsClass": "org.openmrs.User",
      "enabled": "false",
      "title": "User",
      "category": "user",
      "linkTemplates": {
        "rest": "/ws/rest/v1/user/{uuid}?v=full"
      }
    },
    {
      "openMrsClass": "org.openmrs.Patient",
      "enabled": "true",
      "title": "Patient",
      "category": "patient",
      "linkTemplates": {
        "rest": "/ws/rest/v1/patient/{uuid}?v=full",
        "fhir": "/ws/fhir/Patient/{uuid}"
      }
    },
    {
      "openMrsClass": "org.openmrs.Relationship",
      "enabled": "false",
      "title": "Relationship",
      "category": "relationship",
      "linkTemplates": {
        "rest": "/ws/rest/v1/relationship/{uuid}?v=full",
        "fhir": "/ws/fhir/Relationship/{uuid}"
      }
    },
    {
      "openMrsClass": "org.openmrs.Drug",
      "enabled": "false",
      "title": "Drug",
      "category": "drug",
      "linkTemplates": {
        "rest": "/ws/rest/v1/drug/{uuid}?v=full",
        "fhir": "/ws/fhir/Drug/{uuid}"
      }
    },
    {
      "openMrsClass": "org.openmrs.Allergy",
      "enabled": "true",
      "title": "Allergy",
      "category": "allergy",
      "linkTemplates": {
        "rest": "/ws/rest/v1/allergy/{uuid}?v=full",
        "fhir": "/ws/fhir/AllergyIntolerance/{uuid}"
      }
    },
    {
      "openMrsClass": "org.openmrs.Form",
      "enabled": "true",
      "title": "Form",
      "category": "form",
      "linkTemplates": {
        "rest": "/ws/rest/v1/form/{uuid}?v=full"
      }
    },
    {
      "openMrsClass": "org.openmrs.Order",
      "enabled": "false",
      "title": "Order",
      "category": "order",
      "linkTemplates": {
        "rest": "/ws/rest/v1/order/{uuid}?v=full",
        "fhir": "/ws/fhir/Order/{uuid}"
      }
    },
    {
      "openMrsClass": "org.openmrs.DrugOrder",
      "enabled": "true",
      "title": "DrugOrder",
      "category": "drug_order",
      "linkTemplates": {
        "rest": "/ws/rest/v1/drug_order/{uuid}?v=full",
        "fhir": "/ws/fhir/MedicationRequest/{uuid}"
      }
    },
    {
      "openMrsClass": "org.openmrs.TestOrder",
      "enabled": "true",
      "title": "TestOrder",
      "category": "test_order",
      "linkTemplates": {
        "rest": "/ws/rest/v1/test_order/{uuid}?v=full",
        "fhir": "/ws/fhir/ProcedureRequest/{uuid}"
      }
    },
    {
      "openMrsClass": "org.openmrs.Obs",
      "enabled": "true",
      "title": "Observation",
      "category": "observation",
      "linkTemplates": {
        "rest": "/ws/rest/v1/obs/{uuid}?v=full",
        "fhir": "/ws/fhir/Observation/{uuid}"
      }
    },
    {
      "openMrsClass": "org.openmrs.Encounter",
      "enabled": "true",
      "title": "Encounter",
      "category": "encounter",
      "linkTemplates": {
        "rest": "/ws/rest/v1/encounter/{uuid}?v=full",
        "fhir": "/ws/fhir/Encounter/{uuid}"
      }
    },
    {
      "openMrsClass": "org.openmrs.Visit",
      "enabled": "true",
      "title": "Visit",
      "category": "visit",
      "linkTemplates": {
        "rest": "/ws/rest/v1/visit/{uuid}?v=full",
        "fhir": "/ws/fhir/Encounter/{uuid}"
      }
    },
    {
      "openMrsClass": "org.openmrs.Program",
      "enabled": "false",
      "title": "Program",
      "category": "program",
      "linkTemplates": {
        "rest": "/ws/rest/v1/program/{uuid}?v=full",
        "fhir": "/ws/fhir/Program/{uuid}"
      }
    },
    {
      "openMrsClass": "org.openmrs.PatientProgram",
      "enabled": "false",
      "title": "Program Enrollment",
      "category": "programenrollment",
      "linkTemplates": {
        "rest": "/ws/rest/v1/programenrollment/{uuid}?v=full",
        "fhir": "/ws/fhir/Programenrollment/{uuid}"
      }
    },
    {
      "openMrsClass": "org.openmrs.Privilege",
      "enabled": "true",
      "title": "Privilege",
      "category": "privilege",
      "linkTemplates": {
        "rest": "/ws/rest/v1/privilege/{uuid}?v=full"
      }
    },
    {
      "openMrsClass": "org.openmrs.module.sync2.api.model.audit.AuditMessage",
      "enabled": "true",
      "title": "AuditMessage",
      "category": "audit_message",
      "linkTemplates": {
        "rest": "/ws/rest/sync2/messages/{uuid}"
      }
    }
  ]
}
