<?xml version="1.0" encoding="UTF-8"?>

<databaseChangeLog
        xmlns="http://www.liquibase.org/xml/ns/dbchangelog"
        xmlns:xsi="http://www.w3.org/2001/XMLSchema-instance"
        xsi:schemaLocation="http://www.liquibase.org/xml/ns/dbchangelog http://www.liquibase.org/xml/ns/dbchangelog/dbchangelog-2.0.xsd">

    <changeSet author="SolDevelo" id="org.openmrs.module.atomfeed-2017-11-08-10:22">
    	<validCheckSum>3:ce20ea9f79b936f10010d668ef669ca7</validCheckSum>
        <preConditions onFail="MARK_RAN">
			<not><tableExists tableName="event_records" /></not>
			<not><tableExists tableName="event_records_queue" /></not>
			<not><tableExists tableName="chunking_history" /></not>
			<not><tableExists tableName="event_records_offset_marker" /></not>
			<sqlCheck expectedResult="0">
				SELECT COUNT(*) FROM scheduler_task_config
				WHERE schedulable_class = 'org.openmrs.module.atomfeed.scheduler.tasks.EventPublisherTask'
			</sqlCheck>
		</preConditions>
        <createTable tableName="event_records">
            <column name="id" type="int" autoIncrement="true">
                <constraints nullable="false" primaryKey="true" />
            </column>
            <column name="uuid" type="varchar(40)" />
            <column name="title" type="varchar(255)" />
            <column name="timestamp" type="timestamp" defaultValueDate="CURRENT_TIMESTAMP"/>
            <column name="uri" type="varchar(255)" />
            <column name="object" type="varchar(1000)" />
            <column name="category" type="varchar(255)" />
            <column name="date_created" type="timestamp" />
            <column name="tags" type="varchar(255)" />
        </createTable>
        <createTable tableName="event_records_queue">
            <column name="id" type="int" autoIncrement="true">
                <constraints nullable="false" primaryKey="true" />
            </column>
            <column name="uuid" type="varchar(40)" />
            <column name="title" type="varchar(255)" />
            <column name="timestamp" type="timestamp" defaultValueDate="CURRENT_TIMESTAMP"/>
            <column name="uri" type="varchar(255)" />
            <column name="object" type="varchar(1000)" />
            <column name="category" type="varchar(255)" />
            <column name="tags" type="varchar(255)" />
        </createTable>
        <createTable tableName="chunking_history">
            <column name="id" type="int" autoIncrement="true">
                <constraints nullable="false" primaryKey="true"/>
            </column>
            <column name="chunk_length" type="BIGINT"/>
            <column name="start" type="BIGINT">
                <constraints nullable="false"/>
            </column>
        </createTable>
        <createTable tableName="event_records_offset_marker">
            <column name="id" type="int" autoIncrement="true">
                <constraints nullable="false" primaryKey="true"/>
            </column>
            <column name="event_id" type="int"/>
            <column name="event_count" type="int"/>
            <column name="category" type="varchar(255)"/>
        </createTable>
        <insert tableName="scheduler_task_config">
            <column name="name" value="OpenMRS event publisher task"/>
            <column name="schedulable_class" value="org.openmrs.module.atomfeed.scheduler.tasks.EventPublisherTask"/>
            <column name="start_time" valueDate=" now() "/>
            <column name="start_time_pattern" value="MM/dd/yyyy HH:mm:ss"/>
            <column name="repeat_interval" value="2"/>
            <column name="start_on_startup" value="1"/>
            <column name="started" value="1"/>
            <column name="created_by" value="1"/>
            <column name="date_created" valueDate="now()"/>
            <column name="uuid" valueComputed="uuid()"/>
        </insert>
    </changeSet>

    <changeSet author="SolDevelo" id="org.openmrs.module.atomfeed-2017-11-09-19:42">
        <preConditions onFail="MARK_RAN">
            <sqlCheck expectedResult="0">select count(*) from chunking_history;</sqlCheck>
        </preConditions>
        <comment>Default chunking history entry if doesn't exist.</comment>
        <insert tableName="chunking_history">
            <column name="chunk_length" valueNumeric="5"/>
            <column name="start" valueNumeric="1"/>
        </insert>
    </changeSet>

    <changeSet author="SolDevelo" id="org.openmrs.module.atomfeed-2017-11-27-14:03">
        <createTable tableName="markers">
            <column name="feed_uri" type="varchar(255)">
                <constraints nullable="false" primaryKey="true"/>
            </column>
            <column name="last_read_entry_id" type="varchar(255)"/>
            <column name="feed_uri_for_last_read_entry" type="varchar(255)"/>
        </createTable>

        <createTable tableName="failed_events">
            <column name="id" type="serial">
                <constraints nullable="false" primaryKey="true"/>
            </column>
            <column name="feed_uri" type="varchar(255)"/>
            <column name="failed_at" type="timestamp"/>
            <column name="error_message" type="LONGTEXT"/>
            <column name="event_id" type="varchar(255)"/>
            <column name="event_content" type="LONGTEXT"/>
            <column name="tags" type="varchar(255)"/>
        </createTable>
    </changeSet>

    <changeSet author="SolDevelo" id="org.openmrs.module.atomfeed-2017-12-14-17:28">
        <addColumn tableName="failed_events">
            <column name="title" type="varchar(255)"/>
            <column name="retries" type="int" defaultValueNumeric="0">
                <constraints nullable="false"/>
            </column>
            <column name="error_hash_code" type="int"/>
        </addColumn>
    </changeSet>
</databaseChangeLog>